Image File,Generated Question
image21.png,State machine diagram.
image10.png,State machine diagram.
image13.png,State machine diagram.
image54.png,State Machine Diagram.
image48.png,State machine diagram.
image49.png,State machine diagram.
image45.png,State Machine Diagram.
image53.png,State machine diagram.
image9.png,State Machine Diagram.
image4.png,State machine diagram.
image17.png,State machine diagram.
image6.png,State machine diagram.
image8.png,State machine diagram.
image44.png,State machine diagram.
image26.png,State Machine Diagram
image24.png,State machine diagram.
image46.png,State Machine Diagram.
image25.png,State Machine Diagram
image47.png,State Machine Diagram
image15.png,State machine diagram.
image52.png,State Machine Diagram.
image16.png,State machine diagram.
image56.png,State machine diagram.
image19.png,State machine diagram.
image20.png,State machine diagram.
image29.png,State machine diagram.
image14.png,State Machine Diagram.
image27.png,State machine diagram.
image23.png,State machine diagram.
image28.png,Call Ladder Diagram.
image22.png,State machine diagram.
image18.png,State Machine Diagram
image55.png,State machine diagram.
image3.png,State Machine Diagram
image50.png,State Machine Diagram.
image5.png,State Machine Diagram.
